Campaign,Ad group,Keyword,Match type,Final URL
Mandats infirmiers Quebec - Francais requis,Infirmiers francophones Quebec,infirmiers francophones,Phrase,https://www.agencesanitas.com/emplois-infirmieres-quebec?utm_source=google&utm_medium=cpc&utm_campaign=mandats_infirmiers_francophones&utm_content=kw_franco&utm_term={keyword}
Mandats infirmiers Quebec - Francais requis,Infirmiers francophones Quebec,infirmieres francophones,Phrase,https://www.agencesanitas.com/emplois-infirmieres-quebec?utm_source=google&utm_medium=cpc&utm_campaign=mandats_infirmiers_francophones&utm_content=kw_franco&utm_term={keyword}
Mandats infirmiers Quebec - Francais requis,Infirmiers francophones Quebec,infirmier francophone emploi,Exact,https://www.agencesanitas.com/emplois-infirmieres-quebec?utm_source=google&utm_medium=cpc&utm_campaign=mandats_infirmiers_francophones&utm_content=kw_franco&utm_term={keyword}
Mandats infirmiers Quebec - Francais requis,Infirmiers francophones Quebec,infirmiere francophone emploi,Exact,https://www.agencesanitas.com/emplois-infirmieres-quebec?utm_source=google&utm_medium=cpc&utm_campaign=mandats_infirmiers_francophones&utm_content=kw_franco&utm_term={keyword}
Mandats infirmiers Quebec - Francais requis,Mandats infirmiers Quebec,mandats infirmiers quebec,Phrase,https://www.agencesanitas.com/emplois-infirmieres-quebec?utm_source=google&utm_medium=cpc&utm_campaign=mandats_infirmiers_francophones&utm_content=kw_mandats&utm_term={keyword}
Mandats infirmiers Quebec - Francais requis,Mandats infirmiers Quebec,mandats infirmiers quebec,Exact,https://www.agencesanitas.com/emplois-infirmieres-quebec?utm_source=google&utm_medium=cpc&utm_campaign=mandats_infirmiers_francophones&utm_content=kw_mandats&utm_term={keyword}
Mandats infirmiers Quebec - Francais requis,Mandats infirmiers Quebec,emploi infirmiere quebec,Phrase,https://www.agencesanitas.com/emplois-infirmieres-quebec?utm_source=google&utm_medium=cpc&utm_campaign=mandats_infirmiers_francophones&utm_content=kw_mandats&utm_term={keyword}
Mandats infirmiers Quebec - Francais requis,Mandats infirmiers Quebec,emploi infirmier quebec,Phrase,https://www.agencesanitas.com/emplois-infirmieres-quebec?utm_source=google&utm_medium=cpc&utm_campaign=mandats_infirmiers_francophones&utm_content=kw_mandats&utm_term={keyword}
Mandats infirmiers Quebec - Francais requis,Mandats infirmiers Quebec,poste infirmiere quebec,Phrase,https://www.agencesanitas.com/emplois-infirmieres-quebec?utm_source=google&utm_medium=cpc&utm_campaign=mandats_infirmiers_francophones&utm_content=kw_mandats&utm_term={keyword}
Mandats infirmiers Quebec - Francais requis,Mandats infirmiers Quebec,mandat infirmiere region quebec,Phrase,https://www.agencesanitas.com/emplois-infirmieres-quebec?utm_source=google&utm_medium=cpc&utm_campaign=mandats_infirmiers_francophones&utm_content=kw_mandats&utm_term={keyword}
Mandats infirmiers Quebec - Francais requis,Infirmiers autorises Canada,emploi infirmiere canada francais,Phrase,https://www.agencesanitas.com/emplois-infirmieres-quebec?utm_source=google&utm_medium=cpc&utm_campaign=mandats_infirmiers_francophones&utm_content=kw_canada&utm_term={keyword}
Mandats infirmiers Quebec - Francais requis,Infirmiers autorises Canada,mandat infirmier canada francais,Phrase,https://www.agencesanitas.com/emplois-infirmieres-quebec?utm_source=google&utm_medium=cpc&utm_campaign=mandats_infirmiers_francophones&utm_content=kw_canada&utm_term={keyword}
Mandats infirmiers Quebec - Francais requis,Infirmiers autorises Canada,emploi infirmiere autorisee quebec,Phrase,https://www.agencesanitas.com/emplois-infirmieres-quebec?utm_source=google&utm_medium=cpc&utm_campaign=mandats_infirmiers_francophones&utm_content=kw_canada&utm_term={keyword}
Mandats infirmiers Quebec - Francais requis,Infirmieres OIIQ Quebec,infirmiere oiiq emploi,Phrase,https://www.agencesanitas.com/emplois-infirmieres-quebec?utm_source=google&utm_medium=cpc&utm_campaign=mandats_infirmiers_francophones&utm_content=kw_oiiq&utm_term={keyword}
Mandats infirmiers Quebec - Francais requis,Infirmieres OIIQ Quebec,infirmier oiiq emploi,Phrase,https://www.agencesanitas.com/emplois-infirmieres-quebec?utm_source=google&utm_medium=cpc&utm_campaign=mandats_infirmiers_francophones&utm_content=kw_oiiq&utm_term={keyword}
Mandats infirmiers Quebec - Francais requis,Mandats infirmiers regions Quebec,mandat infirmier region eloignee,Phrase,https://www.agencesanitas.com/emplois-infirmieres-quebec?utm_source=google&utm_medium=cpc&utm_campaign=mandats_infirmiers_francophones&utm_content=kw_regions&utm_term={keyword}
Mandats infirmiers Quebec - Francais requis,Mandats infirmiers regions Quebec,mandat infirmiere gaspesie,Phrase,https://www.agencesanitas.com/emplois-infirmieres-quebec?utm_source=google&utm_medium=cpc&utm_campaign=mandats_infirmiers_francophones&utm_content=kw_regions&utm_term={keyword}
Mandats infirmiers Quebec - Francais requis,Mandats infirmiers regions Quebec,mandat infirmiere abitibi,Phrase,https://www.agencesanitas.com/emplois-infirmieres-quebec?utm_source=google&utm_medium=cpc&utm_campaign=mandats_infirmiers_francophones&utm_content=kw_regions&utm_term={keyword}
Mandats infirmiers Quebec - Francais requis,Mandats infirmiers regions Quebec,mandat infirmiere laurentides,Phrase,https://www.agencesanitas.com/emplois-infirmieres-quebec?utm_source=google&utm_medium=cpc&utm_campaign=mandats_infirmiers_francophones&utm_content=kw_regions&utm_term={keyword}
Mandats infirmiers Quebec - Francais requis,Mandats infirmiers regions Quebec,mandat infirmiere outaouais,Phrase,https://www.agencesanitas.com/emplois-infirmieres-quebec?utm_source=google&utm_medium=cpc&utm_campaign=mandats_infirmiers_francophones&utm_content=kw_regions&utm_term={keyword}
Mandats infirmiers Quebec - Francais requis,Test prudent anglais,french speaking nurse jobs canada,Phrase,https://www.agencesanitas.com/emplois-infirmieres-quebec?utm_source=google&utm_medium=cpc&utm_campaign=mandats_infirmiers_francophones&utm_content=kw_test_en&utm_term={keyword}
Mandats infirmiers Quebec - Francais requis,Test prudent anglais,registered nurse jobs quebec french,Phrase,https://www.agencesanitas.com/emplois-infirmieres-quebec?utm_source=google&utm_medium=cpc&utm_campaign=mandats_infirmiers_francophones&utm_content=kw_test_en&utm_term={keyword}
Mandats infirmiers Quebec - Francais requis,Test prudent anglais,nursing jobs quebec french required,Phrase,https://www.agencesanitas.com/emplois-infirmieres-quebec?utm_source=google&utm_medium=cpc&utm_campaign=mandats_infirmiers_francophones&utm_content=kw_test_en&utm_term={keyword}
